il/addison/555-w--lake-st-.html
il/alsip/11750-south-palaski-road.html
il/anna/1195-e--vienna-street.html
il/antioch/322-w-state-route-173.html
il/bartlett/960-s-state-route-59.html
il/batavia/134-south-randall-road.html
il/bensenville/1140-s-york-rd.html
il/benton/634-west-main-street.html
il/berwyn/6956-ogden-ave.html
il/bethalto/171-e--mcarthur-dr-.html
il/bloomingdale/74-stratford-dr-.html
il/bolingbrook/444-n-bolingbrook-dr.html
il/buffalo-grove/50-w-dundee-road.html
il/cahokia/1616-camp-jackson-road.html
il/calumet-city/1501-river-oaks-dr.html
il/calumet-park/12716-ashland-ave-.html
il/canton/129-north-main-street.html
il/carbondale/1410-east-main-street.html
il/cary/660-northwest-highway.html
il/caseyville/2413-n-89th-st.html
il/centralia/1077-w-broadway.html
il/charleston/120-lincoln-ave.html
il/chester/2235-state-st-.html
il/chicago-heights/201-s-halstead-st-.html
il/chicago-ridge/444-chicago-ridge-mall.html
il/chillicothe/604-n--4th-street.html
il/cicero/2225-s-cicero-avenue.html
il/collinsville/1001-belt-line-rd-.html
il/columbia/200-columbia-center.html
il/countryside/5611-s-la-grange-rd.html
il/crest-hill/1818-plainfield-rd.html
il/crestwood/13745-s-cicero.html
il/crete/23210-volbrecht-rd.html
il/crystal-lake/420-virginia-st.html
il/darien/7419-s-cass-ave.html
il/de-kalb/1209-w-lincoln-hwy.html
il/diamond/2780-division-street.html
il/dixon/1312-north-galena-avenue.html
il/dolton/1323-sibley-boulevard.html
il/downers-grove/7451-lemont-rd.html
il/du-quoin/31-southtowne-shopping-center.html
il/east-alton/101-niagara-st-.html
il/east-peoria/108-w-camp-st.html
il/east-saint-louis/699-state-route-203.html
il/edwardsville/1710-troy-rd.html
il/effingham/1201-n-keller.html
il/elburn/1075-n-main-street.html
il/fairview-heights/6599-n-illinois-st-.html
il/flora/1442-worthey-street.html
il/forsyth/1400-hickory-point-drive.html
il/fox-lake/54-s-us-highway-12.html
il/frankfort/20160-lagrange-rd-.html
il/franklin-park/2721-rose-street.html
il/freeport/1882-s-west-avenue.html
il/glen-ellyn/370-roosevelt-road.html
il/glenview/1757-waukegan.html
il/grayslake/115-s--state-route-83.html
il/great-lakes/540-cluverius-avenue--.html
il/greenville/1607-south-route-127.html
il/gurnee/6360-grand-ave.html
il/harrisburg/712-s--commercial-st-.html
il/harvard/325-s-division-st.html
il/harwood-heights/5050-n--harlem-ave.html
il/herrin/1709-s-park-ave.html
il/hickory-hills/8760-w-95th-street.html
il/highland/1305-mercantile-drive.html
il/highland-park/2566-skokie-valley-rd.html
il/hinsdale/i-294-milepost-25.html
il/homer-glen/14348-s--bell-road.html
il/huntley/13320-s-highway-47.html
il/jacksonville/837-w-morton.html
il/jerseyville/1400-s--state-st-.html
il/kankakee/2942-riverstone-court.html
il/kewanee/623-tenney-st.html
il/lake-forest/13783-west-oasis-service-road.html
il/lake-in-the-hills/231-n-randall-rd.html
il/lake-zurich/801-w-main-st.html
il/lemont/15663-127th-street.html
il/libertyville/1308-n-milwaukee-ave.html
il/lindenhurst/2081-east-grand-avenue.html
il/lisle/1015-maple-avenue.html
il/litchfield/1201-w-weir-st.html
il/lockport/16616-w--159th-street.html
il/machesney-park/1297-west-lane-rd-.html
il/macomb/420-west-jackson.html
il/manteno/195-south-creek-drive.html
il/marengo/19800-us-route-20.html
il/markham/2945-west-159th-street.html
il/marshall/107-w-trefz.html
il/mattoon/105-swords-drive.html
il/mchenry/4112-w-elm-st.html
il/melrose-park/825-w-north-ave.html
il/mendota/1009-steve-bowne-drive.html
il/minooka/501-bob-blair-road.html
il/monee/5737-w--monee-manhattan-road.html
il/monmouth/201-maple-city-drive.html
il/montgomery/1950-douglas-road.html
il/morris/1820-n-division-st.html
il/morton/100-west-ashland-st-.html
il/morton-grove/8840-waukegan-rd.html
il/murphysboro/515-walnut.html
il/new-lenox/420-w-maple-st-.html
il/niles/7535-n-harlem-ave.html
il/normal/1527-e-college-ave.html
il/north-aurora/2060-west-orchard-rd-.html
il/north-chicago/2222-green-bay-rd.html
il/north-riverside/7501-w-cermak-road.html
il/northlake/51-w--north-avenue.html
il/oak-lawn/6049-west-95th-street.html
il/olney/908-east-main-street.html
il/orland-hills/9281-159th-st.html
il/orland-park/364-orland-square-drive.html
il/oswego/3423-orchard-rd.html
il/ottawa/4109-columbus-st.html
il/palos-hills/7601-w-111th-st.html
il/paris/528-e--jasper-st-.html
il/park-forest/413-sauk-trail.html
il/pekin/1920-court-street.html
il/peru/5257-trompeter-road.html
il/pontiac/1600-w-reynolds-st.html
il/rantoul/629-champaign-avenue.html
il/richmond/10710-main-st.html
il/robinson/1414-east-main-street.html
il/rochelle/1221-n-caron-rd.html
il/rock-island/1533-38th-street.html
il/romeoville/76-s--weber-rd-.html
il/roscoe/4638-e--rockton-road.html
il/rosemont/9467-w-higgins-rd.html
il/round-lake-beach/306-w-rollins-rd.html
il/salem/1431-west-main.html
il/sandwich/130-duvick-road.html
il/shelbyville/1000-w--main-street.html
il/shorewood/996-brook-forest-avenue.html
il/skokie/8329-skokie-blvd.html
il/south-elgin/490-randall-road.html
il/sparta/1400-north-market-street.html
il/sterling/405-locust-street.html
il/streamwood/665-s--sutton-rd-.html
il/streator/2008-n-bloomington-st.html
il/sycamore/1301-dekalb-avenue.html
il/taylorville/610-n-webster-st.html
il/tinley-park/7224-w--191st-st-.html
il/troy/908-edwardsville-road.html
il/tuscola/1104-e--southline.html
il/urbana/1003-university.html
il/vandalia/2737-veterans-avenue.html
il/vernon-hills/906-hawthorn-center.html
il/villa-park/125-w-roosevelt-rd.html
il/washington/1896-washington-rd-.html
il/waterloo/918-n-market-st.html
il/watseka/1530-e-walnut-st.html
il/wauconda/705-w-liberty-st.html
il/west-chicago/335-neltnor-blvd-.html
il/west-frankfort/832-factory-outlet-dr-.html
il/westchester/3063-s-wolf-rd.html
il/westmont/13-w-ogden-avenue.html
il/wheaton/345-rice-lake-square.html
il/wheeling/150-e--dundee-road.html
il/winnebago/805-cannell-puri-court.html
il/wood-dale/322-w-irving-park-rd.html
il/wood-river/1850-memorial-lane.html
il/woodstock/400-s-eastwood-dr.html
il/yorkville/221-w--veterans-parkway.html
il/zion/1913-sheridan-rd.html
il/alton/620-e--landmarks-blvd-.html
il/alton/70-homer-adams-pkwy.html
il/arlington-heights/1530-w-algonquin-rd.html
il/arlington-heights/2410-e-rand-rd.html
il/aurora/1000-n-farnsworth-ave.html
il/aurora/1204-n-lake-st.html
il/aurora/1504-mesa-lane.html
il/aurora/2140-west-galena-blvd.html
il/belleville/15-s-59th-st.html
il/belleville/5-south-belt-west.html
il/belleville/760-carlyle-ave.html
il/belvidere/1580-n-state-st.html
il/belvidere/445-southtown-drive.html
il/bloomington/1122-s--veterans-parkway.html
il/bloomington/1702-w--market-st.html
il/bourbonnais/2036-state-route-50-north.html
il/bourbonnais/582-main-nw.html
il/carpentersville/1000-kennedy-dr.html
il/carpentersville/137-s-western-ave.html
il/champaign/10-east-anthony-drive.html
il/champaign/1707-s--neil-street.html
il/champaign/1910-west-springfield.html
il/champaign/512-e--green-street.html
il/chicago/1107-w--addison.html
il/chicago/1160-n--clark.html
il/chicago/1363-east-53rd-street.html
il/chicago/1439-n-milwaukee-avenue.html
il/chicago/1644-w-95th-st.html
il/chicago/178-north-wabash-ave.html
il/chicago/205-e-ohio-street.html
il/chicago/22-e-chicago-ave.html
il/chicago/2407-n--clark-street.html
il/chicago/2410-s-western-ave.html
il/chicago/2432-n-milwaukee-ave.html
il/chicago/255-w-garfield-blvd.html
il/chicago/2575-north-clybourn.html
il/chicago/2807-w-irving-park-rd.html
il/chicago/3001-n--broadway.html
il/chicago/3143-n-milwaukee-ave.html
il/chicago/3350-w--roosevelt-rd.html
il/chicago/3365-s-martin-luther-king-drive.html
il/chicago/3509-n-harlem.html
il/chicago/3511-devon-avenue.html
il/chicago/407-s--dearborn.html
il/chicago/4523-w-north-ave-.html
il/chicago/4614-s-damen-ave.html
il/chicago/500-w--madison-ave.html
il/chicago/5312-w-belmont-ave.html
il/chicago/5350-s-pulaski.html
il/chicago/6460-n-sheridan-road.html
il/chicago/6622-w--fullerton-ave-.html
il/chicago/6631-south-cicero.html
il/chicago/6944-archer.html
il/chicago/7856-s--stoney-island-ave.html
il/chicago/7906-s--western-avenue.html
il/chicago/920-w-belmont-ave.html
il/chicago/941-w-randolph-st.html
il/chicago/948-w-armitage.html
il/danville/2714-n-vermillion-st.html
il/danville/501-south-gilbert.html
il/decatur/1991-mt-zion-rd.html
il/decatur/753-pershing-road.html
il/des-plaines/1175-e--oakton.html
il/des-plaines/945-elmhurst-rd.html
il/des-plaines/9870-n-milwaukee.html
il/elgin/1010-summit-street.html
il/elgin/1160-n-mclean-blvd.html
il/elgin/304-south-mclean-blvd.html
il/elk-grove-village/1400-busse-rd.html
il/elk-grove-village/601-meacham-rd.html
il/forest-park/161-s-harlem-ave.html
il/forest-park/7510-roosevelt-rd.html
il/galesburg/2118-e-main-st.html
il/galesburg/850-n-henderson-st.html
il/glendale-heights/145-north-avenue.html
il/glendale-heights/270-e-army-trail-rd.html
il/granite-city/1261-engineer-rd.html
il/granite-city/2167-madison-ave.html
il/hanover-park/1890-army-trail-rd-.html
il/hanover-park/7660-barrington-road.html
il/joliet/125-s--larkin-ave-.html
il/joliet/2924-plainfield-rd.html
il/joliet/3340-mall-loop-dr.html
il/loves-park/1525-e-riverside-blvd.html
il/loves-park/4001-mcfarland-road.html
il/marion/2712-walton-way.html
il/marion/928-w--main-street.html
il/moline/4120-avenue-of-the-cities.html
il/moline/4650-16th-street.html
il/mount-vernon/1610-s--10th-st-.html
il/mount-vernon/4205-broadway.html
il/mundelein/2015-s-lake-st.html
il/mundelein/900-n--route-83.html
il/naperville/1287-rickert-dr.html
il/naperville/2775-aurora-ave.html
il/o-fallon/1141-central-park-dr-.html
il/o-fallon/1403-w-us-highway-50.html
il/palatine/1224-e--dundee-rd-.html
il/palatine/320-n-northwest-hwy.html
il/peoria/1811-n-knoxville-ave.html
il/peoria/3101-n-sterling-ave.html
il/peoria/4115-w--partridge-way.html
il/peoria/8711-n-knoxville.html
il/quincy/3828-broadway.html
il/quincy/826-broadway.html
il/rockford/2182-s-perryville-rd.html
il/rockford/2602-auburn-st.html
il/rockford/3114-11th-street.html
il/rockford/3805-east-state-st-.html
il/rockford/6161-e-state-st.html
il/rockford/7200-harrison-ave.html
il/saint-charles/1950-bircher-rd.html
il/saint-charles/510-dunham-road.html
il/schaumburg/275-w--golf-road.html
il/schaumburg/951-s-roselle-rd.html
il/springfield/1290-toronto-rd.html
il/springfield/2300-n--dirkson-parkway-.html
il/springfield/3025-w-white-oaks-dr.html
il/springfield/731-adlai-stevenson-dr-.html
il/waukegan/2780-belvidere-rd.html
il/waukegan/3200-n-lewis-ave.html
